{
  "project_info": {
    "project_number": "130904666246",
    "firebase_url": "https://zega-59ca7.firebaseio.com",
    "project_id": "zega-59ca7",
    "storage_bucket": "zega-59ca7.appspot.com"
  },
  "client": [
    {
      "client_info": {
        "mobilesdk_app_id": "1:130904666246:android:5ab9e525488f87c5a76107",
        "android_client_info": {
          "package_name": "com.zegacookware"
        }
      },
      "oauth_client": [
        {
          "client_id": "130904666246-vjt9h875qj42n1tb9ojl1pqpmjiotjqn.apps.googleusercontent.com",
          "client_type": 3
        }
      ],
      "api_key": [
        {
          "current_key": "AIzaSyASOfXE1o7Q09lPDn-SQemXGTEsmvJzJTo"
        }
      ],
      "services": {
        "appinvite_service": {
          "other_platform_oauth_client": [
            {
              "client_id": "130904666246-vjt9h875qj42n1tb9ojl1pqpmjiotjqn.apps.googleusercontent.com",
              "client_type": 3
            }
          ]
        }
      }
    }
  ],
  "configuration_version": "1"
}